
SET SQL_MODE = "NO_AUTO_VALUE_ON_ZERO";
SET AUTOCOMMIT = 0;
START TRANSACTION;
SET time_zone = "+00:00";


/*!40101 SET @OLD_CHARACTER_SET_CLIENT=@@CHARACTER_SET_CLIENT */;
/*!40101 SET @OLD_CHARACTER_SET_RESULTS=@@CHARACTER_SET_RESULTS */;
/*!40101 SET @OLD_COLLATION_CONNECTION=@@COLLATION_CONNECTION */;
/*!40101 SET NAMES utf8mb4 */;

--
-- Baza danych: `portal`
--

-- --------------------------------------------------------

--
-- Struktura tabeli dla tabeli `role`
--

CREATE TABLE `role` (
  `role_id` int(11) NOT NULL,
  `role` varchar(50) COLLATE utf8_unicode_ci NOT NULL
) ENGINE=InnoDB DEFAULT CHARSET=utf8 COLLATE=utf8_unicode_ci;

--
-- Zrzut danych tabeli `role`
--

INSERT INTO `role` (`role_id`, `role`) VALUES
(1, 'ROLE_ADMIN'),
(2, 'ROLE_USER');

-- --------------------------------------------------------

--
-- Struktura tabeli dla tabeli `user`
--

CREATE TABLE `user` (
  `user_id` int(11) NOT NULL,
  `login` varchar(25) COLLATE utf8_unicode_ci NOT NULL,
  `email` varchar(50) COLLATE utf8_unicode_ci NOT NULL,
  `password` varchar(100) COLLATE utf8_unicode_ci NOT NULL,
  `first_name` varchar(50) COLLATE utf8_unicode_ci NOT NULL,
  `last_name` varchar(50) COLLATE utf8_unicode_ci NOT NULL,
  `active` tinyint(4) NOT NULL
) ENGINE=InnoDB DEFAULT CHARSET=utf8 COLLATE=utf8_unicode_ci;

--
-- Zrzut danych tabeli `user`
--

INSERT INTO `user` (`user_id`, `login`, `email`, `password`, `first_name`, `last_name`, `active`) VALUES
(1, 'admin', 'admin@gmail.com', '$2a$10$Pl.mEJvC/1zsg7FFgC5ihe0ddvPNeY3ag8S8Gm2E50sgH6sE8rh22', 'Admin', 'Admin', 1),
(2, 'test', 'test@gmail.com', '$2a$10$TM92qxuC.39DpmnqX3hIxuQchUJIzUgh9h45JrU.3Alb.jzqgM5d2', 'Tester', 'Test', 1),
(3, 'test2', 'test2@gmail.com', '$2a$10$TM92qxuC.39DpmnqX3hIxuQchUJIzUgh9h45JrU.3Alb.jzqgM5d2', 'Tester', 'Test', 1),
(4, 'test3', 'test3@gmail.com', '$2a$10$TM92qxuC.39DpmnqX3hIxuQchUJIzUgh9h45JrU.3Alb.jzqgM5d2', 'Tester', 'Test', 1),
(5, 'test4', 'test4@gmail.com', '$2a$10$TM92qxuC.39DpmnqX3hIxuQchUJIzUgh9h45JrU.3Alb.jzqgM5d2', 'Tester', 't', 1),
(6, 'test5', 'test5@gmail.com', '$2a$10$rMQ3bRZF81x7glE4RWegauMihvnrnQw6T/Q./t.jEDMOQwF1mgB82', 'Tester', 'Test', 1),
(7, 'test6', 'test6@gmail.com', '$2a$10$rMQ3bRZF81x7glE4RWegauMihvnrnQw6T/Q./t.jEDMOQwF1mgB82', 'Tester', 'Test', 1);

-- --------------------------------------------------------

--
-- Struktura tabeli dla tabeli `user_role`
--

CREATE TABLE `user_role` (
  `user_id` int(11) NOT NULL,
  `role_id` int(11) NOT NULL
) ENGINE=InnoDB DEFAULT CHARSET=utf8 COLLATE=utf8_unicode_ci;

--
-- Zrzut danych tabeli `user_role`
--

INSERT INTO `user_role` (`user_id`, `role_id`) VALUES
(4, 2),
(1, 1),
(2, 2),
(3, 2),
(5, 2),
(6, 2),
(7, 2);

--
-- Indeksy dla zrzutów tabel
--

--
-- Indeksy dla tabeli `role`
--
ALTER TABLE `role`
  ADD PRIMARY KEY (`role_id`);

--
-- Indeksy dla tabeli `user`
--
ALTER TABLE `user`
  ADD PRIMARY KEY (`user_id`);

--
-- AUTO_INCREMENT for dumped tables
--

--
-- AUTO_INCREMENT dla tabeli `role`
--
ALTER TABLE `role`
  MODIFY `role_id` int(11) NOT NULL AUTO_INCREMENT, AUTO_INCREMENT=3;

--
-- AUTO_INCREMENT dla tabeli `user`
--
ALTER TABLE `user`
  MODIFY `user_id` int(11) NOT NULL AUTO_INCREMENT, AUTO_INCREMENT=8;
COMMIT;

/*!40101 SET CHARACTER_SET_CLIENT=@OLD_CHARACTER_SET_CLIENT */;
/*!40101 SET CHARACTER_SET_RESULTS=@OLD_CHARACTER_SET_RESULTS */;
/*!40101 SET COLLATION_CONNECTION=@OLD_COLLATION_CONNECTION */;
